{
  "GET Home Page-1" : {
    "transaction" : "GET Home Page-1",
    "sampleCount" : 10,
    "errorCount" : 0,
    "errorPct" : 0.0,
    "meanResTime" : 7986.3,
    "medianResTime" : 8489.5,
    "minResTime" : 4238.0,
    "maxResTime" : 11360.0,
    "pct1ResTime" : 11209.300000000001,
    "pct2ResTime" : 11360.0,
    "pct3ResTime" : 11360.0,
    "throughput" : 0.5447809980387883,
    "receivedKBytesPerSec" : 614.3666090957997,
    "sentKBytesPerSec" : 0.08937813249073871
  },
  "GET Home Page-0" : {
    "transaction" : "GET Home Page-0",
    "sampleCount" : 10,
    "errorCount" : 0,
    "errorPct" : 0.0,
    "meanResTime" : 740.4,
    "medianResTime" : 739.5,
    "minResTime" : 300.0,
    "maxResTime" : 1337.0,
    "pct1ResTime" : 1299.4,
    "pct2ResTime" : 1337.0,
    "pct3ResTime" : 1337.0,
    "throughput" : 0.9900009900009901,
    "receivedKBytesPerSec" : 0.9850703210078209,
    "sentKBytesPerSec" : 0.1624220374220374
  },
  "Total" : {
    "transaction" : "Total",
    "sampleCount" : 30,
    "errorCount" : 0,
    "errorPct" : 0.0,
    "meanResTime" : 5818.333333333334,
    "medianResTime" : 6529.5,
    "minResTime" : 300.0,
    "maxResTime" : 12149.0,
    "pct1ResTime" : 10618.000000000002,
    "pct2ResTime" : 11715.05,
    "pct3ResTime" : 12149.0,
    "throughput" : 1.5850372483753368,
    "receivedKBytesPerSec" : 1192.7155568103767,
    "sentKBytesPerSec" : 0.34672689808210494
  },
  "GET Home Page" : {
    "transaction" : "GET Home Page",
    "sampleCount" : 10,
    "errorCount" : 0,
    "errorPct" : 0.0,
    "meanResTime" : 8728.300000000001,
    "medianResTime" : 9425.5,
    "minResTime" : 4809.0,
    "maxResTime" : 12149.0,
    "pct1ResTime" : 12004.400000000001,
    "pct2ResTime" : 12149.0,
    "pct3ResTime" : 12149.0,
    "throughput" : 0.5283457494584457,
    "receivedKBytesPerSec" : 596.3577784051884,
    "sentKBytesPerSec" : 0.17336344904105247
  }
}