{
  "GET Home Page-1" : {
    "transaction" : "GET Home Page-1",
    "sampleCount" : 10,
    "errorCount" : 0,
    "errorPct" : 0.0,
    "meanResTime" : 13015.300000000001,
    "medianResTime" : 11949.5,
    "minResTime" : 9191.0,
    "maxResTime" : 19254.0,
    "pct1ResTime" : 19146.6,
    "pct2ResTime" : 19254.0,
    "pct3ResTime" : 19254.0,
    "throughput" : 0.4634779384501298,
    "receivedKBytesPerSec" : 522.2074277408926,
    "sentKBytesPerSec" : 0.07603934927697441
  },
  "GET Home Page-0" : {
    "transaction" : "GET Home Page-0",
    "sampleCount" : 10,
    "errorCount" : 0,
    "errorPct" : 0.0,
    "meanResTime" : 1137.3,
    "medianResTime" : 1218.0,
    "minResTime" : 574.0,
    "maxResTime" : 1944.0,
    "pct1ResTime" : 1889.3000000000002,
    "pct2ResTime" : 1944.0,
    "pct3ResTime" : 1944.0,
    "throughput" : 0.975609756097561,
    "receivedKBytesPerSec" : 0.9725609756097561,
    "sentKBytesPerSec" : 0.1600609756097561
  },
  "Total" : {
    "transaction" : "Total",
    "sampleCount" : 30,
    "errorCount" : 0,
    "errorPct" : 0.0,
    "meanResTime" : 9435.599999999999,
    "medianResTime" : 10474.0,
    "minResTime" : 574.0,
    "maxResTime" : 20570.0,
    "pct1ResTime" : 18729.9,
    "pct2ResTime" : 19846.2,
    "pct3ResTime" : 20570.0,
    "throughput" : 1.3105014852350165,
    "receivedKBytesPerSec" : 985.2451695734318,
    "sentKBytesPerSec" : 0.2866721998951599
  },
  "GET Home Page" : {
    "transaction" : "GET Home Page",
    "sampleCount" : 10,
    "errorCount" : 0,
    "errorPct" : 0.0,
    "meanResTime" : 14154.199999999999,
    "medianResTime" : 12722.5,
    "minResTime" : 10358.0,
    "maxResTime" : 20570.0,
    "pct1ResTime" : 20392.100000000002,
    "pct2ResTime" : 20570.0,
    "pct3ResTime" : 20570.0,
    "throughput" : 0.4368338284116722,
    "receivedKBytesPerSec" : 492.6225847867159,
    "sentKBytesPerSec" : 0.14333609994757995
  }
}